USE GrupoLog;

INSERT INTO Clientes (cpf, nome, sobrenome, rua, bairro, numero, cidade) VALUES
('48567923182', 'Joaquim', 'Ferreira', 'Aeroporto de da Rosa', 'Solimoes', 1825, 'Recife'),
('75841063235', 'Gustavo', 'Melo', 'Loteamento Milena Correia', 'Camponesa 2ª Seção', 410, 'Recife'),
('80132657902', 'Luiz Felipe', 'Alves', 'Vereda de Sales', 'Vila Antena Montanhês', 4507, 'Recife'),
('57832640162', 'Vitória', 'Lima', 'Fazenda Emilly Cunha', 'Conjunto Califórnia Ii', 4013, 'Recife'),
('36958104757', 'Lara', 'Costela', 'Campo Costela', 'Mariano De Abreu', 3658, 'Recife'),
('39176084213', 'Isabella', 'Peixoto', 'Aeroporto de Caldeira', 'Vila Jardim Leblon', 2287, 'Recife'),
('69513072886', 'Thales', 'Caldeira', 'Aeroporto Maria Cecília', 'Vila Canto Do Sabiá', 1680, 'Recife'),
('42769183591', 'Enzo Gabriel', 'Novaes', 'Lago de da Costa', 'Flamengo', 8936, 'Recife'),
('63948210713', 'Samuel', 'Melo', 'Sítio Maria Alice Cardoso', 'Céu Azul', 1425, 'Recife'),
('23691807577', 'Davi', 'da Paz', 'Rodovia Sophia Novaes', 'Jardim Guanabara', 9675, 'Recife'),
('05839174297', 'Luiz Henrique', 'da Cunha', 'Via de da Rocha', 'Santa Inês', 6913, 'Recife'),
('42387150635', 'Stella', 'Correia', 'Setor Barros', 'Cidade Jardim', 521, 'Recife'),
('67809213431', 'Isabel', 'Carvalho', 'Rodovia Bianca Caldeira', 'Vila Aeroporto', 489, 'Recife'),
('74359216025', 'Raul', 'Teixeira', 'Trecho Dias', 'São Bento', 1536, 'Recife'),
('61342579828', 'Diego', 'Farias', 'Residencial Gabriel Costela', 'São Cristóvão', 3583, 'Recife'),
('56142380771', 'Lucas', 'Araújo', 'Área de Araújo', 'Santa Rosa', 3812, 'Recife'),
('90316845205', 'Melissa', 'da Conceição', 'Estrada Duarte', 'Dom Bosco', 8280, 'Recife'),
('65483701984', 'Ana Júlia', 'da Conceição', 'Vila de Farias', 'Renascença', 9864, 'Recife'),
('04815296758', 'Emanuel', 'Castro', 'Conjunto de Nascimento', 'Lagoinha Leblon', 435, 'Recife'),
('49152086305', 'Ana Júlia', 'Sales', 'Sítio João Pedro Nunes', 'Ouro Minas', 9196, 'Recife'),
('87069342500', 'Caio', 'Peixoto', 'Lago Almeida', 'Cidade Nova', 3258, 'Recife'),
('38042619731', 'Fernando', 'Duarte', 'Alameda Vinicius Castro', 'Palmeiras', 8929, 'Recife'),
('71968305475', 'Luiza', 'Novaes', 'Sítio de Dias', 'Vila Petropolis', 6874, 'Recife'),
('84915320642', 'Carolina', 'da Cruz', 'Vereda de Martins', 'Inconfidência', 3612, 'Recife'),
('42703195850', 'Luana', 'Freitas', 'Viela de Silva', 'Primeiro De Maio', 7360, 'Recife'),
('36942701831', 'Júlia', 'Alves', 'Ladeira Almeida', 'Vila Dos Anjos', 9655, 'Recife'),
('70649351207', 'João Gabriel', 'Barbosa', 'Favela de Farias', 'Trevo', 4558, 'Recife'),
('06398241533', 'Stella', 'Monteiro', 'Ladeira Monteiro', 'Senhor Dos Passos', 107, 'Recife'),
('89527460158', 'Luiz Otávio', 'Campos', 'Distrito de Viana', 'Capitão Eduardo', 2616, 'Recife'),
('42813057932', 'Kamilly', 'Cavalcanti', 'Via de Costela', 'Novo Tupi', 6925, 'Recife'),
('40257916849', 'Benjamin', 'Rodrigues', 'Vila de da Conceição', 'Parque São Pedro', 5575, 'Recife'),
('23486590189', 'Laura', 'Moreira', 'Campo de da Cruz', 'Liberdade', 4553, 'Recife'),
('94106528398', 'Isadora', 'Pinto', 'Praia Fogaça', 'São Lucas', 2548, 'Recife'),
('46391085757', 'Maysa', 'Martins', 'Vila Barros', 'Vila Primeiro De Maio', 3528, 'Recife'),
('27594061306', 'Ryan', 'Cardoso', 'Vila Campos', 'Ápia', 5515, 'Recife'),
('95428713097', 'Maria', 'Sales', 'Área Vicente Silveira', 'Padre Eustáquio', 1675, 'Recife'),
('34152986042', 'Laura', 'Araújo', 'Viaduto de Ferreira', 'Acaba Mundo', 1520, 'Recife'),
('76509328429', 'Fernando', 'Sales', 'Rua de das Neves', 'Trevo', 6225, 'Recife'),
('89241753609', 'Esther', 'Cunha', 'Praça Moura', 'Granja De Freitas', 1585, 'Recife'),
('16078325930', 'João Lucas', 'Mendes', 'Recanto Cardoso', 'Vila Mantiqueira', 5882, 'Recife'),
('79046512380', 'Vinicius', 'Pereira', 'Via de Cunha', 'Conjunto Celso Machado', 5636, 'Recife'),
('46105873271', 'Gabriel', 'Lopes', 'Largo João Lucas Mendes', 'Esperança', 9892, 'Recife'),
('50746831226', 'Letícia', 'Pinto', 'Via Olivia Aragão', 'Leonina', 4334, 'Recife'),
('20739614525', 'Kevin', 'Dias', 'Vereda Ribeiro', 'Jardim Atlântico', 712, 'Recife'),
('26749185355', 'Miguel', 'Rezende', 'Chácara de Pinto', 'Caiçaras', 7528, 'Recife'),
('53971426891', 'Levi', 'Viana', 'Rodovia Theo Rezende', 'Tiradentes', 8786, 'Recife'),
('36284197004', 'Heloísa', 'Freitas', 'Rodovia Rafael da Costa', 'Teixeira Dias', 2046, 'Recife'),
('80214976378', 'Ana Laura', 'Barbosa', 'Passarela de Ribeiro', 'Xangri-Lá', 6202, 'Recife'),
('92173604570', 'Enrico', 'Carvalho', 'Colônia da Conceição', 'Álvaro Camargos', 1292, 'Recife'),
('79340265874', 'Melissa', 'Monteiro', 'Setor Gustavo Henrique Costa', 'Vila Do Pombal', 9045, 'Recife'),
('45231786900', 'Lorenzo', 'Dias', 'Loteamento Clarice Sales', 'Camponesa 2ª Seção', 4804, 'Recife'),
('47210985379', 'Isadora', 'Araújo', 'Fazenda Freitas', 'Vila Pinho', 5926, 'Recife'),
('01378524608', 'Rodrigo', 'da Paz', 'Pátio Carvalho', 'Vila Betânia', 9460, 'Recife'),
('59032618768', 'Isaac', 'Oliveira', 'Ladeira de da Cruz', 'Jardim Atlântico', 3151, 'Recife'),
('50731426835', 'Rebeca', 'Costa', 'Quadra Silveira', 'Jardim Vitoria', 1140, 'Recife'),
('95783420638', 'Marcela', 'Viana', 'Trevo de Silveira', 'Vila São Dimas', 751, 'Recife'),
('83724915004', 'João', 'das Neves', 'Trevo Luiz Henrique Fogaça', 'Dom Silverio', 3734, 'Recife'),
('63519872455', 'Miguel', 'Carvalho', 'Feira Otávio Ferreira', 'Vila Suzana Primeira Seção', 4742, 'Recife'),
('40136572871', 'Vitor', 'Cardoso', 'Largo de Souza', 'Vila Jardim Leblon', 1308, 'Recife'),
('92635471819', 'Joaquim', 'Souza', 'Travessa de Lima', 'Mariano De Abreu', 3815, 'Recife'),
('97316284013', 'Pedro Miguel', 'Rocha', 'Travessa de da Cunha', 'Acaba Mundo', 1655, 'Recife'),
('34987610566', 'Theo', 'Monteiro', 'Via Lavínia Peixoto', 'Santa Lúcia', 6228, 'Recife'),
('06394857157', 'Sofia', 'Azevedo', 'Lago André da Conceição', 'Dom Joaquim', 4555, 'Recife'),
('13482067562', 'Lara', 'Moura', 'Chácara de Caldeira', 'Solimoes', 7429, 'Recife'),
('34680721553', 'Diogo', 'Dias', 'Esplanada Souza', 'Havaí', 5978, 'Recife'),
('78543012988', 'Pietra', 'Sales', 'Parque de da Rosa', 'Vila Engenho Nogueira', 2665, 'Recife'),
('23564708910', 'Mirella', 'Alves', 'Loteamento de da Cunha', 'Novo Ouro Preto', 6066, 'Recife'),
('12390654770', 'Joana', 'Duarte', 'Praça de Novaes', 'Cidade Jardim', 5821, 'Recife'),
('35862049142', 'Lucca', 'Souza', 'Morro Silva', 'Conjunto Providencia', 3433, 'Recife'),
('49713026896', 'Ana Beatriz', 'Pinto', 'Parque de Ribeiro', 'Vila São Rafael', 4375, 'Recife'),
('65741389066', 'Igor', 'Novaes', 'Viaduto da Luz', 'Mala E Cuia', 1170, 'Recife'),
('51920768467', 'Pedro', 'da Mata', 'Trecho de Cunha', 'Vila Da Paz', 9981, 'Recife'),
('81203467508', 'Ana Clara', 'Farias', 'Recanto de Duarte', 'Venda Nova', 2804, 'Recife'),
('92153076480', 'Alana', 'Silveira', 'Residencial Cardoso', 'Madri', 8752, 'Recife'),
('40968712304', 'Maria Alice', 'Duarte', 'Viaduto de Monteiro', 'Cinquentenário', 4011, 'Recife'),
('56230149761', 'Gustavo Henrique', 'Silva', 'Favela Nascimento', 'Pongelupe', 2678, 'Recife'),
('50823917630', 'Bryan', 'da Costa', 'Viela Lucas Gabriel Dias', 'Barão Homem De Melo 2ª Seção', 7574, 'Recife'),
('91405387610', 'Heloísa', 'Martins', 'Viela Nina Santos', 'Vista Alegre', 6217, 'Recife'),
('17694580267', 'Rodrigo', 'da Mota', 'Via Pedro Lucas da Mota', 'Vila Aeroporto Jaraguá', 4423, 'Recife'),
('70328695130', 'Gustavo Henrique', 'Jesus', 'Viela Luna da Conceição', 'Vila Madre Gertrudes 4ª Seção', 9126, 'Recife');

INSERT INTO Produtos (peso, data_validade, descricao) VALUES
(29, '2025-12-05', 'Arroz agulhinha 5kg lote 1'),
(99, '2025-07-20', 'Feijão carioca 1kg lote 1'),
(30, '2025-07-08', 'Smartphone Samsung Galaxy S21 lote 1'),
(41, '2026-01-13', 'Notebook Dell Inspiron 15 lote 1'),
(35, '2025-07-25', 'Camiseta Nike Dry Fit lote 1'),
(28, '2026-04-08', 'Livro "Dom Casmurro" lote 1'),
(92, '2025-11-30', 'Geladeira Brastemp Frost Free lote 1'),
(28, '2026-05-23', 'Fone de Ouvido JBL Tune 500 lote 1'),
(64, '2026-01-10', 'Mouse Logitech M720 lote 1'),
(83, '2026-02-11', 'Teclado Mecânico HyperX Alloy lote 1'),
(19, '2025-11-04', 'Monitor LG UltraWide 29" lote 1'),
(18, '2025-10-26', 'Cadeira Gamer ThunderX3 lote 1'),
(96, '2026-04-05', 'Sofá 3 lugares retrátil lote 1'),
(69, '2025-11-03', 'Mesa de jantar 6 cadeiras lote 1'),
(96, '2026-04-17', 'Bicicleta Caloi Explorer lote 1'),
(55, '2026-04-16', 'Mochila Dell Pro 15" lote 1'),
(52, '2025-12-24', 'Tênis Adidas Ultraboost lote 1'),
(29, '2025-08-31', 'Panela Tramontina Antiaderente lote 1'),
(66, '2026-03-01', 'Ventilador Arno Turbo Silence lote 1'),
(12, '2025-07-16', 'Microondas Electrolux 20L lote 1'),
(15, '2025-09-08', 'Arroz agulhinha 5kg lote 2'),
(81, '2025-09-11', 'Feijão carioca 1kg lote 2'),
(88, '2026-01-24', 'Smartphone Samsung Galaxy S21 lote 2'),
(77, '2025-07-24', 'Notebook Dell Inspiron 15 lote 2'),
(50, '2026-01-03', 'Camiseta Nike Dry Fit lote 2'),
(77, '2026-02-16', 'Livro "Dom Casmurro" lote 2'),
(68, '2025-10-28', 'Geladeira Brastemp Frost Free lote 2'),
(71, '2025-06-27', 'Fone de Ouvido JBL Tune 500 lote 2'),
(88, '2025-08-19', 'Mouse Logitech M720 lote 2'),
(88, '2026-03-23', 'Teclado Mecânico HyperX Alloy lote 2'),
(97, '2025-11-05', 'Monitor LG UltraWide 29" lote 2'),
(99, '2026-05-16', 'Cadeira Gamer ThunderX3 lote 2'),
(44, '2025-08-18', 'Sofá 3 lugares retrátil lote 2'),
(38, '2026-01-30', 'Mesa de jantar 6 cadeiras lote 2'),
(21, '2026-02-09', 'Bicicleta Caloi Explorer lote 2'),
(1, '2025-11-03', 'Mochila Dell Pro 15" lote 2'),
(65, '2025-09-21', 'Tênis Adidas Ultraboost lote 2'),
(65, '2025-08-15', 'Panela Tramontina Antiaderente lote 2'),
(81, '2025-11-21', 'Ventilador Arno Turbo Silence lote 2'),
(82, '2026-03-08', 'Microondas Electrolux 20L lote 2'),
(78, '2025-10-01', 'Arroz agulhinha 5kg lote 3'),
(20, '2025-12-30', 'Feijão carioca 1kg lote 3'),
(98, '2025-09-12', 'Smartphone Samsung Galaxy S21 lote 3'),
(70, '2026-03-20', 'Notebook Dell Inspiron 15 lote 3'),
(1, '2026-04-24', 'Camiseta Nike Dry Fit lote 3'),
(42, '2026-02-27', 'Livro "Dom Casmurro" lote 3'),
(3, '2025-08-18', 'Geladeira Brastemp Frost Free lote 3'),
(47, '2025-11-26', 'Fone de Ouvido JBL Tune 500 lote 3'),
(31, '2025-07-21', 'Mouse Logitech M720 lote 3'),
(31, '2026-04-08', 'Teclado Mecânico HyperX Alloy lote 3'),
(11, '2025-08-04', 'Monitor LG UltraWide 29" lote 3'),
(94, '2026-02-25', 'Cadeira Gamer ThunderX3 lote 3'),
(9, '2026-03-21', 'Sofá 3 lugares retrátil lote 3'),
(99, '2025-08-25', 'Mesa de jantar 6 cadeiras lote 3'),
(17, '2026-02-20', 'Bicicleta Caloi Explorer lote 3'),
(71, '2025-09-14', 'Mochila Dell Pro 15" lote 3'),
(34, '2026-03-19', 'Tênis Adidas Ultraboost lote 3'),
(78, '2026-01-24', 'Panela Tramontina Antiaderente lote 3'),
(28, '2026-03-25', 'Ventilador Arno Turbo Silence lote 3'),
(97, '2025-10-02', 'Microondas Electrolux 20L lote 3'),
(92, '2025-11-28', 'Arroz agulhinha 5kg lote 4'),
(52, '2026-05-20', 'Feijão carioca 1kg lote 4'),
(48, '2026-02-01', 'Smartphone Samsung Galaxy S21 lote 4'),
(67, '2026-02-08', 'Notebook Dell Inspiron 15 lote 4'),
(16, '2025-10-26', 'Camiseta Nike Dry Fit lote 4'),
(29, '2025-07-24', 'Livro "Dom Casmurro" lote 4'),
(44, '2025-07-02', 'Geladeira Brastemp Frost Free lote 4'),
(76, '2026-04-01', 'Fone de Ouvido JBL Tune 500 lote 4'),
(30, '2026-04-19', 'Mouse Logitech M720 lote 4'),
(29, '2025-06-25', 'Teclado Mecânico HyperX Alloy lote 4'),
(10, '2026-05-11', 'Monitor LG UltraWide 29" lote 4'),
(8, '2025-10-17', 'Cadeira Gamer ThunderX3 lote 4'),
(9, '2025-07-08', 'Sofá 3 lugares retrátil lote 4'),
(43, '2025-07-28', 'Mesa de jantar 6 cadeiras lote 4'),
(66, '2025-10-21', 'Bicicleta Caloi Explorer lote 4'),
(36, '2026-02-25', 'Mochila Dell Pro 15" lote 4'),
(28, '2026-03-25', 'Tênis Adidas Ultraboost lote 4'),
(17, '2026-04-10', 'Panela Tramontina Antiaderente lote 4'),
(74, '2026-02-19', 'Ventilador Arno Turbo Silence lote 4'),
(32, '2026-02-19', 'Microondas Electrolux 20L lote 4');

INSERT INTO Telefone (telefone, clientes_cpf) VALUES
('55719297714', '48567923182'),
('55219008276', '75841063235'),
('55819304662', '80132657902'),
('55819664945', '80132657902'),
('55619976636', '57832640162'),
('55519323848', '57832640162'),
('55419867548', '36958104757'),
('55519761259', '39176084213'),
('55419734644', '39176084213'),
('55519772773', '39176084213'),
('55819321446', '69513072886'),
('55119007012', '69513072886'),
('55849888835', '69513072886'),
('55519505797', '42769183591'),
('55519212234', '63948210713'),
('55849946738', '23691807577'),
('55719917764', '23691807577'),
('55619202403', '05839174297'),
('55849505482', '42387150635'),
('55119868560', '42387150635'),
('55519276280', '67809213431'),
('55119786759', '67809213431'),
('55719533846', '67809213431'),
('55819098644', '74359216025'),
('55719132776', '74359216025'),
('55849558947', '74359216025'),
('55819745099', '61342579828'),
('55419553427', '56142380771'),
('55849273183', '56142380771'),
('55519571504', '90316845205'),
('55419921316', '65483701984'),
('55719658374', '04815296758'),
('55619159076', '04815296758'),
('55849631192', '49152086305'),
('55719984508', '49152086305'),
('55119381142', '87069342500'),
('55819849819', '87069342500'),
('55219339930', '87069342500'),
('55319012727', '38042619731'),
('55619227713', '38042619731'),
('55819732950', '38042619731'),
('55519427497', '71968305475'),
('55519476336', '84915320642'),
('55219692519', '42703195850'),
('55119209152', '42703195850'),
('55619697850', '42703195850'),
('55849911572', '36942701831'),
('55419262590', '36942701831'),
('55319060039', '70649351207'),
('55619398256', '06398241533'),
('55719249719', '06398241533'),
('55419752784', '06398241533'),
('55119587281', '89527460158'),
('55319713680', '42813057932'),
('55819943885', '40257916849'),
('55849224127', '23486590189'),
('55319888275', '94106528398'),
('55719943662', '46391085757'),
('55619135963', '27594061306'),
('55619567066', '95428713097'),
('55419845191', '95428713097'),
('55719407267', '34152986042'),
('55419439476', '76509328429'),
('55519415300', '76509328429'),
('55719875741', '76509328429'),
('55319268093', '89241753609'),
('55849586817', '89241753609'),
('55419152198', '16078325930'),
('55219470047', '16078325930'),
('55119072797', '16078325930'),
('55419991288', '79046512380'),
('55219008819', '79046512380'),
('55519500239', '46105873271'),
('55849522822', '46105873271'),
('55819088752', '46105873271'),
('55419312184', '50746831226'),
('55619121956', '50746831226'),
('55219062483', '20739614525'),
('55849992418', '20739614525'),
('55719601925', '20739614525'),
('55849625756', '26749185355'),
('55219211943', '53971426891'),
('55819204434', '36284197004'),
('55819491097', '36284197004'),
('55819962189', '80214976378'),
('55319780291', '92173604570'),
('55219164972', '92173604570'),
('55619421835', '79340265874'),
('55319659360', '79340265874'),
('55119249351', '79340265874'),
('55519591268', '45231786900'),
('55719141730', '45231786900'),
('55119317277', '45231786900'),
('55119819715', '47210985379'),
('55519312538', '47210985379'),
('55119788552', '47210985379'),
('55619678377', '01378524608'),
('55519500389', '59032618768'),
('55119224462', '59032618768'),
('55719126119', '50731426835'),
('55819645277', '50731426835'),
('55719093599', '50731426835'),
('55619765814', '95783420638'),
('55119353217', '95783420638'),
('55849919867', '95783420638'),
('55849347175', '83724915004'),
('55719931846', '83724915004'),
('55719979282', '63519872455'),
('55619369521', '63519872455'),
('55419063998', '40136572871'),
('55419369783', '40136572871'),
('55619096794', '92635471819'),
('55849209402', '97316284013'),
('55519722076', '97316284013'),
('55849417502', '34987610566'),
('55419003231', '06394857157'),
('55619769515', '13482067562'),
('55119021845', '13482067562'),
('55819668005', '34680721553'),
('55819480412', '34680721553'),
('55319701664', '34680721553'),
('55419241146', '78543012988'),
('55219477300', '78543012988'),
('55619557896', '23564708910'),
('55219397334', '12390654770'),
('55319585901', '35862049142'),
('55619856860', '49713026896'),
('55819450866', '49713026896'),
('55849896652', '49713026896'),
('55719875261', '65741389066'),
('55819613101', '51920768467'),
('55619280929', '51920768467'),
('55319879168', '81203467508'),
('55319939143', '81203467508'),
('55819421919', '92153076480'),
('55219833502', '40968712304'),
('55519059418', '56230149761'),
('55819664803', '56230149761'),
('55619876018', '50823917630'),
('55619170891', '50823917630'),
('55119572391', '91405387610'),
('55419931205', '17694580267'),
('55319963730', '17694580267'),
('55519712829', '70328695130'),
('55519558605', '70328695130');

INSERT INTO Veiculo (chassi, proprietario, placa) VALUES
('NUVMAOVEMVIAYVYZU', 'Proprio', 'UBP8747'),
('LOMZRDCAHKWYYMUEN', 'Terceirizado', 'RQG3834'),
('IVHTXQCKYAJKHUQUX', 'Proprio', 'TPG1981'),
('DWQGZMMTQCLGKFRVM', 'Proprio', 'XOR6844'),
('ETTJJLVRFKJEEXGZL', 'Terceirizado', 'KRQ3020'),
('LISLRFOLILPQHKJWR', 'Proprio', 'FSM9436'),
('TJFVAWNCOIXOZWRRY', 'Terceirizado', 'XQB9717'),
('ESAORYKBPMFMAUCDN', 'Proprio', 'QSY2197'),
('OSBTBCZTZOYISCKFI', 'Proprio', 'YNM1791'),
('NWYMGJUCQZBLQHZBM', 'Terceirizado', 'ROK3203'),
('DCJGYKOZEUPQMGMMH', 'Terceirizado', 'MSX3383'),
('JCGRJPNSTHECLLNJW', 'Terceirizado', 'BBN3827'),
('IJDEBRVJXRCLHIXEX', 'Proprio', 'WDK7566'),
('LKZMKFJICXAICVCNL', 'Proprio', 'EWJ2708'),
('HAVZSTXNLGULRRAXF', 'Proprio', 'PYD1989'),
('WDDSVLZARJEJFCCZC', 'Proprio', 'EKD8819'),
('HSVOTZKEFMQXJMDXY', 'Terceirizado', 'AKB2332'),
('LRWWVOTONQTUAIBRT', 'Terceirizado', 'JSS6124'),
('ANFKFHQSDVHGQWMDQ', 'Terceirizado', 'ZBV5872'),
('FWOHBHSUNMXVIQHAT', 'Proprio', 'BLC5199'),
('PRIDBXBCKEWNTQXKH', 'Terceirizado', 'VTP2081'),
('MKOGTLDFIBYWLGNPE', 'Terceirizado', 'YJR5149'),
('JYDKZNIJKUTUQNMTC', 'Terceirizado', 'PBF0450'),
('LXLCVGZAJDOLUSUVR', 'Terceirizado', 'CFV0812'),
('YRUKPOADOFJGGETMV', 'Proprio', 'IMP1560'),
('LHRQYHUMRMILIRQCZ', 'Proprio', 'WXQ2439'),
('WIEECJCREMPPWYXGG', 'Terceirizado', 'TYQ2033'),
('VZXKUUSVBYVWEIYWU', 'Proprio', 'DKP5379'),
('ZOFUPKHEJLNFWEEQU', 'Terceirizado', 'LVY6769'),
('NSPOOHXJFIPXECART', 'Proprio', 'YIT5719'),
('AHHLWNKGUGGOSVCTC', 'Proprio', 'NPY2960'),
('PTBMJDSINFLSYHOOK', 'Terceirizado', 'RUG4423'),
('PFELYAUSBJXVFKHSG', 'Terceirizado', 'VPX7583'),
('OVSRDPNGXTFFTKGDU', 'Terceirizado', 'BHJ7703'),
('RPFIGLKEBRWXETNAX', 'Terceirizado', 'ISD8273'),
('BDLGVNDSSCUEQZYQJ', 'Proprio', 'NKD2903'),
('CJPAWZFLLUJJPLDFW', 'Terceirizado', 'SOY6116'),
('HZOWVSIVKGORGJHBH', 'Proprio', 'LSH3582'),
('GUQRIPGPRFEXLIZSS', 'Terceirizado', 'QEE8125'),
('SQDXYDTOPWMQOKPES', 'Proprio', 'NFI8383'),
('RSTYSLEBOBITHQNHD', 'Terceirizado', 'JPC4626'),
('KWJCISDGNZYHMPFJO', 'Proprio', 'THT2061'),
('KUSBLXBTDXKKCUOIK', 'Proprio', 'ZLI1796'),
('AVLJCMKUUCIDQVIVU', 'Terceirizado', 'UZN0995'),
('RXBYEDHTQDGAVBRCV', 'Terceirizado', 'CIH6396'),
('FPLWQJITAMWWZFKPV', 'Proprio', 'SCH7286'),
('NMEGMONKCNBIJYRWW', 'Terceirizado', 'APA3205'),
('VADRFQJIRPFSLBIFI', 'Terceirizado', 'KFI1719'),
('ZSIXSFJMBYEZVBTDG', 'Proprio', 'ZFO8671'),
('ZRTWBDEQCZYKCGOHV', 'Terceirizado', 'IJJ5583'),
('PYTCRBGJCPRLLKEKZ', 'Terceirizado', 'GBL5846'),
('YXYLVRMTPVGBKQETX', 'Terceirizado', 'WNH4131'),
('LMFBVYCSIUTFSEYDK', 'Terceirizado', 'RGH8607'),
('TMYNMTMRDQPDYDAXD', 'Terceirizado', 'VME1033'),
('XAVBIQFUZKLBADDFR', 'Terceirizado', 'JSY6734'),
('TZOLLJQNLJBHIOBHO', 'Proprio', 'DMV7314'),
('OFDOBWUTWVDNGGHMJ', 'Proprio', 'RKV8719'),
('OVWMTNEINQWKOBUMU', 'Terceirizado', 'BWT0877'),
('BCBXKAMTVCHWJAPSB', 'Terceirizado', 'DWN4854'),
('AKFYMAPCIRRWHCAXD', 'Proprio', 'NON8291'),
('NZPMVXSWEFAFZRFFT', 'Terceirizado', 'NNK7496'),
('HPUFNUVDUNZKHCRRM', 'Terceirizado', 'TND6551'),
('PYCXXQDGVOSQFAUJS', 'Proprio', 'DNZ6019'),
('LIDFZYLWMCCAOTHJM', 'Terceirizado', 'DCE4092'),
('TXNYZXGIEWQEQRYHO', 'Terceirizado', 'HQA8316'),
('YUQYPJIUPKYMMOCFJ', 'Proprio', 'NCI2639'),
('JXQWYALVXKZBMDPJM', 'Terceirizado', 'HGF1112'),
('ONPZHJFCWIFGBSYQF', 'Terceirizado', 'RYU1562'),
('GSLYLCQVCPTZUWGYA', 'Terceirizado', 'BKD6815'),
('XCRCWZVATTPOEDVGM', 'Terceirizado', 'CTG8919'),
('QVCKEADNVOFTQBQUU', 'Terceirizado', 'WJM4275'),
('GMJBYDRRXKWYPYGCE', 'Proprio', 'GYR1266'),
('EPJGLBXYTDRSOUYJG', 'Terceirizado', 'QSF0970'),
('QXFSXWKUJOCSKRJHH', 'Proprio', 'FUD5471'),
('DUFZZINQVFWNBSXWP', 'Proprio', 'ZLI2092'),
('SKEZSOVQRYKBAIQZF', 'Terceirizado', 'BZP7847'),
('RNPSYGSQUVCABEIIA', 'Terceirizado', 'JLV3649'),
('TCVRMBTFYMZKOAHMW', 'Proprio', 'NQN4815'),
('OVWQVNHYZJQHMBJDB', 'Proprio', 'RWD0969'),
('ZFLPEWYZTMEIQPWYK', 'Terceirizado', 'UUU5164');

INSERT INTO Moto (veiculo_chassi, cap_carga) VALUES
('NUVMAOVEMVIAYVYZU', 107),
('IVHTXQCKYAJKHUQUX', 87),
('ETTJJLVRFKJEEXGZL', 61),
('TJFVAWNCOIXOZWRRY', 171),
('OSBTBCZTZOYISCKFI', 267),
('DCJGYKOZEUPQMGMMH', 166),
('IJDEBRVJXRCLHIXEX', 276),
('HAVZSTXNLGULRRAXF', 99),
('HSVOTZKEFMQXJMDXY', 176),
('ANFKFHQSDVHGQWMDQ', 112),
('PRIDBXBCKEWNTQXKH', 217),
('JYDKZNIJKUTUQNMTC', 278),
('YRUKPOADOFJGGETMV', 249),
('WIEECJCREMPPWYXGG', 106),
('ZOFUPKHEJLNFWEEQU', 255),
('AHHLWNKGUGGOSVCTC', 168),
('PFELYAUSBJXVFKHSG', 192),
('RPFIGLKEBRWXETNAX', 284),
('CJPAWZFLLUJJPLDFW', 166),
('GUQRIPGPRFEXLIZSS', 255),
('RSTYSLEBOBITHQNHD', 220),
('KUSBLXBTDXKKCUOIK', 193),
('RXBYEDHTQDGAVBRCV', 131),
('NMEGMONKCNBIJYRWW', 206),
('ZSIXSFJMBYEZVBTDG', 159),
('PYTCRBGJCPRLLKEKZ', 164),
('LMFBVYCSIUTFSEYDK', 240),
('XAVBIQFUZKLBADDFR', 165),
('OFDOBWUTWVDNGGHMJ', 242),
('BCBXKAMTVCHWJAPSB', 265),
('NZPMVXSWEFAFZRFFT', 246),
('PYCXXQDGVOSQFAUJS', 174),
('TXNYZXGIEWQEQRYHO', 120),
('JXQWYALVXKZBMDPJM', 69),
('GSLYLCQVCPTZUWGYA', 110),
('QVCKEADNVOFTQBQUU', 135),
('EPJGLBXYTDRSOUYJG', 278),
('DUFZZINQVFWNBSXWP', 70),
('RNPSYGSQUVCABEIIA', 88),
('OVWQVNHYZJQHMBJDB', 148);

INSERT INTO Van (veiculo_chassi, cap_passageiros) VALUES
('LOMZRDCAHKWYYMUEN', 7),
('DWQGZMMTQCLGKFRVM', 1),
('LISLRFOLILPQHKJWR', 8),
('ESAORYKBPMFMAUCDN', 20),
('NWYMGJUCQZBLQHZBM', 3),
('JCGRJPNSTHECLLNJW', 14),
('LKZMKFJICXAICVCNL', 19),
('WDDSVLZARJEJFCCZC', 13),
('LRWWVOTONQTUAIBRT', 13),
('FWOHBHSUNMXVIQHAT', 5),
('MKOGTLDFIBYWLGNPE', 1),
('LXLCVGZAJDOLUSUVR', 4),
('LHRQYHUMRMILIRQCZ', 14),
('VZXKUUSVBYVWEIYWU', 6),
('NSPOOHXJFIPXECART', 17),
('PTBMJDSINFLSYHOOK', 2),
('OVSRDPNGXTFFTKGDU', 8),
('BDLGVNDSSCUEQZYQJ', 4),
('HZOWVSIVKGORGJHBH', 5),
('SQDXYDTOPWMQOKPES', 15),
('KWJCISDGNZYHMPFJO', 17),
('AVLJCMKUUCIDQVIVU', 20),
('FPLWQJITAMWWZFKPV', 15),
('VADRFQJIRPFSLBIFI', 17),
('ZRTWBDEQCZYKCGOHV', 18),
('YXYLVRMTPVGBKQETX', 6),
('TMYNMTMRDQPDYDAXD', 16),
('TZOLLJQNLJBHIOBHO', 9),
('OVWMTNEINQWKOBUMU', 8),
('AKFYMAPCIRRWHCAXD', 9),
('HPUFNUVDUNZKHCRRM', 17),
('LIDFZYLWMCCAOTHJM', 8),
('YUQYPJIUPKYMMOCFJ', 15),
('ONPZHJFCWIFGBSYQF', 10),
('XCRCWZVATTPOEDVGM', 9),
('GMJBYDRRXKWYPYGCE', 11),
('QXFSXWKUJOCSKRJHH', 18),
('SKEZSOVQRYKBAIQZF', 5),
('TCVRMBTFYMZKOAHMW', 8),
('ZFLPEWYZTMEIQPWYK', 5);

INSERT INTO Motoristas (cnh, tipo_cnh, cpf, nome, tipo, telefone_um, telefone_dois, cnh_supervisionado) VALUES
('55619269476', 'C', '01739628586', 'Lucca Silva', 'Terceirizado', '55519957618', NULL, NULL),
('55419596315', 'D', '12890657302', 'Paulo Sales', 'Terceirizado', '55219765445', NULL, NULL),
('55719408083', 'A', '07329541699', 'Felipe Rezende', 'Fixo', '55819684300', NULL, NULL),
('55219270878', 'C', '40657931810', 'Mariana Barros', 'Fixo', '55519351618', NULL, NULL),
('55319887302', 'AB', '82975034610', 'Carlos Eduardo Azevedo', 'Terceirizado', '55619061995', NULL, NULL),
('55519951339', 'D', '42801593605', 'João Lucas Duarte', 'Fixo', '55719739049', NULL, NULL),
('55319657424', 'B', '21894703588', 'Vinicius Rocha', 'Terceirizado', '55819243882', NULL, NULL),
('55419799421', 'C', '73182490532', 'Carlos Eduardo da Conceição', 'Fixo', '55619169591', NULL, NULL),
('55849102908', 'C', '69841307510', 'Igor Martins', 'Fixo', '55119256486', '55819540371', NULL),
('55819223753', 'E', '95160472380', 'Ana Laura Cunha', 'Terceirizado', '55819610728', '55519387195', NULL),
('55719235875', 'C', '24378150905', 'Marcela Porto', 'Fixo', '55849913033', '55619188685', NULL),
('55819738808', 'AB', '97860154366', 'Enzo Gabriel Novaes', 'Terceirizado', '55119701311', NULL, NULL),
('55319287625', 'B', '74325196099', 'Vitor Gabriel Oliveira', 'Terceirizado', '55719024660', NULL, NULL),
('55619328946', 'AB', '73026589438', 'Maria Vitória da Luz', 'Terceirizado', '55119394423', NULL, NULL),
('55819550657', 'C', '05197234652', 'Ana Lívia das Neves', 'Fixo', '55119705505', '55319310087', NULL),
('55219691684', 'AB', '60214973506', 'Raul Castro', 'Fixo', '55319875132', '55619756371', NULL),
('55719132122', 'E', '74629810331', 'Thomas Rezende', 'Fixo', '55219573537', '55519630832', NULL),
('55419007392', 'D', '23947658010', 'Ana Júlia Dias', 'Fixo', '55519113168', '55519742659', NULL),
('55119849567', 'B', '04831927597', 'Rebeca Costela', 'Terceirizado', '55619570715', '55319385579', NULL),
('55619132730', 'D', '60287135462', 'Ana Júlia Freitas', 'Fixo', '55849706641', NULL, NULL),
('55419601636', 'B', '73264509865', 'Laís Sales', 'Fixo', '55119890743', '55619637483', NULL),
('55849928854', 'AB', '02385147904', 'Bruno Caldeira', 'Terceirizado', '55719169191', NULL, NULL),
('55419028110', 'D', '01473582644', 'Alexandre Vieira', 'Terceirizado', '55719228429', NULL, NULL),
('55119770044', 'C', '38496075265', 'Alícia Nunes', 'Terceirizado', '55719942040', '55849776875', NULL),
('55119913517', 'C', '26851749319', 'Otávio Fogaça', 'Terceirizado', '55849843354', NULL, NULL),
('55219015930', 'E', '79346518057', 'Lara Barros', 'Fixo', '55119734104', NULL, NULL),
('55319295655', 'B', '59072813405', 'Clara Martins', 'Terceirizado', '55419639863', NULL, NULL),
('55319732620', 'C', '29763105480', 'Isadora Ferreira', 'Terceirizado', '55219465619', NULL, NULL),
('55419139637', 'AB', '26174538982', 'João Pedro da Costa', 'Fixo', '55119828225', '55619588288', NULL),
('55619011343', 'AB', '75281934023', 'Cauã Araújo', 'Terceirizado', '55819055133', '55219721304', NULL),
('55119197828', 'C', '94853670157', 'Igor Silva', 'Terceirizado', '55619874268', NULL, NULL),
('55619445525', 'A', '96720548310', 'Maria Clara Novaes', 'Terceirizado', '55819183157', NULL, NULL),
('55849805678', 'AB', '34872695119', 'Luiz Otávio Araújo', 'Terceirizado', '55719723524', NULL, NULL),
('55419029621', 'AB', '42583710680', 'Pedro Miguel Aragão', 'Terceirizado', '55719512116', '55419279795', NULL),
('55719807480', 'D', '54792863155', 'Maria Sophia Duarte', 'Fixo', '55819927300', '55849260580', NULL),
('55219970949', 'D', '42603591851', 'Alice Caldeira', 'Fixo', '55849166082', NULL, NULL),
('55519648229', 'E', '42735816982', 'Clarice da Rosa', 'Terceirizado', '55419136053', NULL, NULL),
('55719625467', 'A', '21564930734', 'Antônio Nogueira', 'Fixo', '55319554832', NULL, NULL),
('55619530601', 'B', '76410825994', 'Henrique Porto', 'Terceirizado', '55519344832', '55219365760', NULL),
('55219207454', 'AB', '94251863755', 'Raquel Castro', 'Terceirizado', '55519063470', NULL, NULL),
('55419503251', 'D', '32967081540', 'Alícia das Neves', 'Terceirizado', '55319839884', NULL, NULL),
('55419704739', 'E', '12465930842', 'Lucca Almeida', 'Terceirizado', '55219436827', NULL, NULL),
('55219714077', 'E', '34269815051', 'Isabelly Aragão', 'Terceirizado', '55719608575', NULL, NULL),
('55519805802', 'AB', '06931582470', 'Bianca Cardoso', 'Terceirizado', '55719152955', '55319969063', NULL),
('55219157396', 'A', '24159036805', 'João Miguel Pereira', 'Fixo', '55849629700', NULL, NULL),
('55219289493', 'A', '65371829482', 'Ana Correia', 'Fixo', '55319616946', '55119477983', NULL),
('55419098856', 'B', '86745390175', 'Bryan Sales', 'Terceirizado', '55719519443', NULL, NULL),
('55419983564', 'B', '86741935010', 'Lavínia Nunes', 'Terceirizado', '55819827991', '55119167012', NULL),
('55719926301', 'AB', '52814937014', 'Kaique Peixoto', 'Fixo', '55419645973', NULL, NULL),
('55519230308', 'A', '34268059792', 'Letícia Mendes', 'Fixo', '55519903657', NULL, NULL),
('55319105871', 'A', '18435692728', 'Ana Clara da Costa', 'Fixo', '55849457127', NULL, NULL),
('55319600316', 'E', '83495721088', 'Maria Luiza Pires', 'Fixo', '55619194494', '55319995845', NULL),
('55849962679', 'C', '78426530974', 'Gabriela Lima', 'Fixo', '55849430973', NULL, NULL),
('55219249280', 'AB', '69214078530', 'Pietra Aragão', 'Terceirizado', '55619729289', '55719248469', NULL),
('55319117256', 'C', '09516723470', 'Vitor Jesus', 'Fixo', '55819216875', '55519812225', NULL),
('55619332847', 'C', '48369502792', 'Marcelo Nogueira', 'Terceirizado', '55619140115', '55819631129', NULL),
('55219910263', 'B', '65479312006', 'João Gabriel Nascimento', 'Fixo', '55319393661', '55319412533', NULL),
('55319482381', 'AB', '68145793084', 'Marcos Vinicius Almeida', 'Fixo', '55219291459', '55819798503', NULL),
('55219057409', 'E', '38210479504', 'Rafael Araújo', 'Fixo', '55719366734', '55719825339', NULL),
('55849981395', 'D', '57869230456', 'Isabelly da Luz', 'Fixo', '55819770293', '55519043923', NULL),
('55119573370', 'D', '16340592716', 'Elisa Costa', 'Fixo', '55219581631', NULL, NULL),
('55849979809', 'A', '39615042706', 'Kevin Santos', 'Terceirizado', '55319548031', '55619578245', NULL),
('55819869236', 'E', '57243816053', 'Leonardo Costela', 'Fixo', '55849808247', NULL, NULL),
('55619179227', 'A', '83091542670', 'Henrique Moraes', 'Fixo', '55219901038', NULL, NULL),
('55419002462', 'AB', '30726419869', 'Pedro Miguel da Cunha', 'Fixo', '55319279171', '55619179572', NULL);

UPDATE Motoristas SET cnh_supervisionado = '55619269476' WHERE cnh = '55219270878';
UPDATE Motoristas SET cnh_supervisionado = '55419596315' WHERE cnh = '55319887302';
UPDATE Motoristas SET cnh_supervisionado = '55719408083' WHERE cnh = '55519951339';
UPDATE Motoristas SET cnh_supervisionado = '55319657424' WHERE cnh = '55419799421';
UPDATE Motoristas SET cnh_supervisionado = '55419799421' WHERE cnh = '55849102908';
UPDATE Motoristas SET cnh_supervisionado = '55219691684' WHERE cnh = '55819223753';
UPDATE Motoristas SET cnh_supervisionado = '55219270878' WHERE cnh = '55719235875';
UPDATE Motoristas SET cnh_supervisionado = '55219970949' WHERE cnh = '55319117256';


INSERT INTO Pode_Conduzir (motoristas_cnh, veiculo_chassi) VALUES
('55319600316', 'WIEECJCREMPPWYXGG'),
('55619269476', 'VZXKUUSVBYVWEIYWU'),
('55419596315', 'IVHTXQCKYAJKHUQUX'),
('55719408083', 'DCJGYKOZEUPQMGMMH'),
('55849962679', 'PRIDBXBCKEWNTQXKH'),
('55219270878', 'AHHLWNKGUGGOSVCTC'),
('55319887302', 'JYDKZNIJKUTUQNMTC'),
('55519951339', 'QVCKEADNVOFTQBQUU'),
('55319657424', 'NWYMGJUCQZBLQHZBM'),
('55419799421', 'PYTCRBGJCPRLLKEKZ'),
('55219249280', 'NUVMAOVEMVIAYVYZU'),
('55849102908', 'LMFBVYCSIUTFSEYDK'),
('55319117256', 'OVWMTNEINQWKOBUMU'),
('55819223753', 'RNPSYGSQUVCABEIIA'),
('55719235875', 'NZPMVXSWEFAFZRFFT'),
('55819738808', 'HZOWVSIVKGORGJHBH'),
('55319287625', 'ETTJJLVRFKJEEXGZL'),
('55619328946', 'NSPOOHXJFIPXECART'),
('55619332847', 'CJPAWZFLLUJJPLDFW'),
('55819550657', 'LISLRFOLILPQHKJWR');


INSERT INTO Viagem (data_viagem, hora_viagem, origem, destino, veiculo_chassi, motoristas_cnh) VALUES
('2025-05-01', '08:30:00', 'Recife', 'Olinda', 'NUVMAOVEMVIAYVYZU', '55619269476'),
('2025-05-02', '09:00:00', 'Jaboatão', 'Caruaru', 'LOMZRDCAHKWYYMUEN', '55419596315'),
('2025-05-03', '10:30:00', 'Paulista', 'Garanhuns', 'IVHTXQCKYAJKHUQUX', '55719408083'),
('2025-05-04', '11:00:00', 'Recife', 'Petrolina', 'DWQGZMMTQCLGKFRVM', '55219270878'),
('2025-05-05', '12:00:00', 'Olinda', 'Arcoverde', 'ETTJJLVRFKJEEXGZL', '55319887302'),
('2025-05-06', '13:30:00', 'Caruaru', 'Recife', 'LISLRFOLILPQHKJWR', '55519951339'),
('2025-05-07', '14:00:00', 'Petrolina', 'Paulista', 'TJFVAWNCOIXOZWRRY', '55319657424'),
('2025-05-08', '15:00:00', 'Garanhuns', 'Recife', 'ESAORYKBPMFMAUCDN', '55419799421'),
('2025-05-09', '16:00:00', 'Arcoverde', 'Jaboatão', 'OSBTBCZTZOYISCKFI', '55849102908'),
('2025-05-10', '17:00:00', 'Recife', 'Olinda', 'NWYMGJUCQZBLQHZBM', '55819223753'),
('2025-06-01', '18:00:00', 'Olinda', 'Recife', 'DCJGYKOZEUPQMGMMH', '55719235875'),
('2025-06-02', '19:00:00', 'Paulista', 'Jaboatão', 'JCGRJPNSTHECLLNJW', '55819738808'),
('2025-06-03', '20:00:00', 'Caruaru', 'Garanhuns', 'IJDEBRVJXRCLHIXEX', '55319287625'),
('2025-06-04', '21:00:00', 'Arcoverde', 'Petrolina', 'LKZMKFJICXAICVCNL', '55619328946'),
('2025-06-05', '22:00:00', 'Recife', 'Paulista', 'HAVZSTXNLGULRRAXF', '55819550657'),
('2025-06-06', '08:00:00', 'Jaboatão', 'Olinda', 'WDDSVLZARJEJFCCZC', '55219691684'),
('2025-06-07', '09:00:00', 'Paulista', 'Recife', 'HSVOTZKEFMQXJMDXY', '55719132122'),
('2025-06-08', '10:00:00', 'Garanhuns', 'Arcoverde', 'LRWWVOTONQTUAIBRT', '55419007392'),
('2025-06-09', '11:00:00', 'Olinda', 'Caruaru', 'ANFKFHQSDVHGQWMDQ', '55119849567'),
('2025-06-10', '12:00:00', 'Petrolina', 'Recife', 'FWOHBHSUNMXVIQHAT', '55619132730'),
('2025-06-11', '13:00:00', 'Recife', 'Jaboatão', 'PRIDBXBCKEWNTQXKH', '55419601636'),
('2025-06-12', '14:00:00', 'Caruaru', 'Garanhuns', 'MKOGTLDFIBYWLGNPE', '55849928854'),
('2025-06-13', '15:00:00', 'Olinda', 'Recife', 'JYDKZNIJKUTUQNMTC', '55419028110'),
('2025-06-14', '16:00:00', 'Paulista', 'Petrolina', 'LXLCVGZAJDOLUSUVR', '55119770044'),
('2025-06-15', '17:00:00', 'Garanhuns', 'Olinda', 'YRUKPOADOFJGGETMV', '55119913517'),
('2025-07-01', '18:00:00', 'Jaboatão', 'Recife', 'LHRQYHUMRMILIRQCZ', '55219015930'),
('2025-07-02', '19:00:00', 'Recife', 'Paulista', 'WIEECJCREMPPWYXGG', '55319295655'),
('2025-07-03', '20:00:00', 'Petrolina', 'Caruaru', 'VZXKUUSVBYVWEIYWU', '55319732620'),
('2025-07-04', '21:00:00', 'Garanhuns', 'Recife', 'ZOFUPKHEJLNFWEEQU', '55419139637'),
('2025-07-05', '22:00:00', 'Olinda', 'Arcoverde', 'NSPOOHXJFIPXECART', '55619011343'),
('2025-07-06', '08:00:00', 'Recife', 'Jaboatão', 'AHHLWNKGUGGOSVCTC', '55119197828'),
('2025-07-07', '09:00:00', 'Paulista', 'Petrolina', 'PTBMJDSINFLSYHOOK', '55619445525'),
('2025-07-08', '10:00:00', 'Garanhuns', 'Recife', 'PFELYAUSBJXVFKHSG', '55849805678'),
('2025-07-09', '11:00:00', 'Arcoverde', 'Olinda', 'OVSRDPNGXTFFTKGDU', '55419029621'),
('2025-07-10', '12:00:00', 'Recife', 'Paulista', 'RPFIGLKEBRWXETNAX', '55719807480'),
('2025-07-11', '13:00:00', 'Jaboatão', 'Recife', 'BDLGVNDSSCUEQZYQJ', '55219970949'),
('2025-07-12', '14:00:00', 'Olinda', 'Arcoverde', 'CJPAWZFLLUJJPLDFW', '55519648229'),
('2025-07-13', '15:00:00', 'Caruaru', 'Recife', 'HZOWVSIVKGORGJHBH', '55719625467'),
('2025-07-14', '16:00:00', 'Petrolina', 'Garanhuns', 'GUQRIPGPRFEXLIZSS', '55619530601'),
('2025-07-15', '17:00:00', 'Paulista', 'Olinda', 'SQDXYDTOPWMQOKPES', '55219207454'),
('2025-08-01', '18:00:00', 'Garanhuns', 'Recife', 'RSTYSLEBOBITHQNHD', '55419503251'),
('2025-08-02', '19:00:00', 'Olinda', 'Petrolina', 'KWJCISDGNZYHMPFJO', '55419704739'),
('2025-08-03', '20:00:00', 'Arcoverde', 'Recife', 'KUSBLXBTDXKKCUOIK', '55219714077'),
('2025-08-04', '21:00:00', 'Recife', 'Jaboatão', 'AVLJCMKUUCIDQVIVU', '55519805802'),
('2025-08-05', '22:00:00', 'Paulista', 'Olinda', 'RXBYEDHTQDGAVBRCV', '55219157396'),
('2025-08-06', '08:00:00', 'Caruaru', 'Recife', 'FPLWQJITAMWWZFKPV', '55219289493'),
('2025-08-07', '09:00:00', 'Garanhuns', 'Petrolina', 'NMEGMONKCNBIJYRWW', '55419098856'),
('2025-08-08', '10:00:00', 'Arcoverde', 'Recife', 'VADRFQJIRPFSLBIFI', '55419983564'),
('2025-08-09', '11:00:00', 'Recife', 'Paulista', 'ZSIXSFJMBYEZVBTDG', '55719926301'),
('2025-08-10', '12:00:00', 'Olinda', 'Arcoverde', 'ZRTWBDEQCZYKCGOHV', '55519230308'),
('2025-08-11', '13:00:00', 'Jaboatão', 'Recife', 'PYTCRBGJCPRLLKEKZ', '55319105871'),
('2025-08-12', '14:00:00', 'Paulista', 'Caruaru', 'YXYLVRMTPVGBKQETX', '55319600316'),
('2025-08-13', '15:00:00', 'Caruaru', 'Olinda', 'LMFBVYCSIUTFSEYDK', '55849962679'),
('2025-08-14', '16:00:00', 'Recife', 'Petrolina', 'TMYNMTMRDQPDYDAXD', '55219249280'),
('2025-08-15', '17:00:00', 'Paulista', 'Recife', 'XAVBIQFUZKLBADDFR', '55319117256'),
('2025-08-16', '18:00:00', 'Olinda', 'Caruaru', 'TZOLLJQNLJBHIOBHO', '55619332847'),
('2025-08-17', '19:00:00', 'Jaboatão', 'Recife', 'OFDOBWUTWVDNGGHMJ', '55219910263'),
('2025-08-18', '20:00:00', 'Garanhuns', 'Olinda', 'BCBXKAMTVCHWJAPSB', '55319482381'),
('2025-08-19', '21:00:00', 'Recife', 'Arcoverde', 'AKFYMAPCIRRWHCAXD', '55219057409'),
('2025-08-20', '22:00:00', 'Olinda', 'Petrolina', 'NZPMVXSWEFAFZRFFT', '55849981395'),
('2025-09-01', '08:00:00', 'Jaboatão', 'Recife', 'HPUFNUVDUNZKHCRRM', '55119573370'),
('2025-09-02', '09:00:00', 'Paulista', 'Caruaru', 'PYCXXQDGVOSQFAUJS', '55849979809'),
('2025-09-03', '10:00:00', 'Recife', 'Olinda', 'LIDFZYLWMCCAOTHJM', '55819869236'),
('2025-09-04', '11:00:00', 'Caruaru', 'Recife', 'TXNYZXGIEWQEQRYHO', '55619179227'),
('2025-09-05', '12:00:00', 'Garanhuns', 'Paulista', 'YUQYPJIUPKYMMOCFJ', '55419002462');


INSERT INTO Servicos (id_servico, id_viagem) VALUES
(1, 1),
(2, 2),
(3, 3),
(4, 4),
(5, 5),
(6, 6),
(7, 7),
(8, 8),
(9, 9),
(10, 10),
(11, 11),
(12, 12),
(13, 13),
(14, 14),
(15, 15),
(16, 16),
(17, 17),
(18, 18),
(19, 19),
(20, 20),
(21, 21),
(22, 22),
(23, 23),
(24, 24),
(25, 25),
(26, 26),
(27, 27),
(28, 28),
(29, 29),
(30, 30),
(31, 31),
(32, 32),
(33, 33),
(34, 34),
(35, 35),
(36, 36),
(37, 37),
(38, 38),
(39, 39),
(40, 40),
(41, 41),
(42, 42),
(43, 43),
(44, 44),
(45, 45),
(46, 46),
(47, 47),
(48, 48),
(49, 49),
(50, 50),
(51, 51),
(52, 52),
(53, 53),
(54, 54),
(55, 55),
(56, 56),
(57, 57),
(58, 58),
(59, 59),
(60, 60),
(61, 61),
(62, 62),
(63, 63),
(64, 64),
(65, 65),
(66, 5),
(67, 12),
(68, 44),
(69, 30),
(70, 25),
(71, 7),
(72, 14),
(73, 59),
(74, 28),
(75, 19),
(76, 38),
(77, 46),
(78, 50),
(79, 11),
(80, 35);




INSERT INTO Servico_Entrega (id_servico, destinatario, peso_total, descricao_produto) VALUES
(2, 'Dr. João Vitor Lopes', 121, 'Envio de Tênis Adidas Ultraboost lote 2 para Gonçalves'),
(3, 'Júlia Caldeira', 199, 'Envio de Ventilador Arno Turbo Silence lote 3 para da Rocha'),
(6, 'Rafaela Rocha', 454, 'Envio de Teclado Mecânico HyperX Alloy lote 4 para Ramos de Nogueira'),
(10, 'Kaique Moraes', 354, 'Envio de Fone de Ouvido JBL Tune 500 lote 4 para da Mata do Amparo'),
(13, 'Helena Castro', 438, 'Envio de Notebook Dell Inspiron 15 lote 4 para Castro de Alves'),
(18, 'Marcela da Costa', 496, 'Envio de Panela Tramontina Antiaderente lote 1 para Sales da Praia'),
(19, 'Júlia Cunha', 486, 'Envio de Camiseta Nike Dry Fit lote 4 para Freitas da Prata'),
(21, 'Alícia Costa', 329, 'Envio de Microondas Electrolux 20L lote 3 para Araújo'),
(22, 'Ana Vitória Ramos', 26, 'Envio de Bicicleta Caloi Explorer lote 2 para Araújo'),
(24, 'Leandro Costela', 403, 'Envio de Camiseta Nike Dry Fit lote 2 para Moura'),
(25, 'Lucas da Cruz', 36, 'Envio de Bicicleta Caloi Explorer lote 1 para Sales'),
(26, 'Sofia da Cruz', 301, 'Envio de Smartphone Samsung Galaxy S21 lote 3 para Azevedo de Almeida'),
(27, 'Erick da Paz', 417, 'Envio de Arroz agulhinha 5kg lote 2 para da Paz'),
(28, 'Elisa Cardoso', 169, 'Envio de Ventilador Arno Turbo Silence lote 3 para Lima Alegre'),
(29, 'Ana Júlia Pereira', 404, 'Envio de Sofá 3 lugares retrátil lote 2 para Cardoso de Porto'),
(30, 'Rodrigo Gonçalves', 142, 'Envio de Notebook Dell Inspiron 15 lote 2 para Cardoso de Minas'),
(31, 'Sophie Barbosa', 67, 'Envio de Feijão carioca 1kg lote 1 para Ramos da Serra'),
(33, 'Fernando da Conceição', 339, 'Envio de Notebook Dell Inspiron 15 lote 3 para da Luz'),
(34, 'Eloah Viana', 68, 'Envio de Panela Tramontina Antiaderente lote 2 para Viana da Prata'),
(35, 'João Pedro Barros', 184, 'Envio de Sofá 3 lugares retrátil lote 4 para da Cunha de Santos'),
(36, 'Marcela da Cruz', 302, 'Envio de Camiseta Nike Dry Fit lote 2 para Porto'),
(38, 'Francisco da Rocha', 136, 'Envio de Smartphone Samsung Galaxy S21 lote 2 para Jesus'),
(39, 'Bryan Pereira', 65, 'Envio de Ventilador Arno Turbo Silence lote 4 para da Costa'),
(41, 'Davi da Costa', 382, 'Envio de Cadeira Gamer ThunderX3 lote 3 para Oliveira do Campo'),
(42, 'Luiz Fernando da Rocha', 244, 'Envio de Bicicleta Caloi Explorer lote 3 para Novaes'),
(44, 'Sr. Fernando da Conceição', 232, 'Envio de Livro "Dom Casmurro" lote 4 para Moraes da Prata'),
(45, 'Ana Carolina das Neves', 485, 'Envio de Feijão carioca 1kg lote 3 para Cardoso Verde'),
(46, 'Davi Costa', 373, 'Envio de Cadeira Gamer ThunderX3 lote 1 para Porto Grande'),
(48, 'Matheus das Neves', 32, 'Envio de Cadeira Gamer ThunderX3 lote 3 para Nunes da Prata'),
(52, 'Heitor Barbosa', 461, 'Envio de Sofá 3 lugares retrátil lote 1 para Santos do Oeste'),
(53, 'Maria Campos', 165, 'Envio de Notebook Dell Inspiron 15 lote 2 para Costa do Amparo'),
(54, 'Evelyn Melo', 34, 'Envio de Panela Tramontina Antiaderente lote 1 para Alves'),
(55, 'Paulo Lima', 141, 'Envio de Feijão carioca 1kg lote 4 para Vieira da Praia'),
(59, 'Sarah Azevedo', 437, 'Envio de Feijão carioca 1kg lote 3 para Farias de Porto'),
(60, 'Isadora Pires', 221, 'Envio de Cadeira Gamer ThunderX3 lote 2 para Moura'),
(69, 'João Lucas Correia', 426, 'Envio de Arroz agulhinha 5kg lote 1 para Araújo'),
(70, 'Helena Monteiro', 48, 'Envio de Mesa de jantar 6 cadeiras lote 2 para Melo das Flores'),
(73, 'Alexandre Correia', 301, 'Envio de Teclado Mecânico HyperX Alloy lote 3 para Barbosa'),
(79, 'Ana Beatriz da Mata', 296, 'Envio de Monitor LG UltraWide 29" lote 2 para Barbosa de Minas'),
(80, 'Juan Silva', 80, 'Envio de Panela Tramontina Antiaderente lote 3 para Dias');

INSERT INTO Servico_Transporte (id_servico, qtd_passageiros, descricao_transporte) VALUES
(1, 4, 'Transporte de banda musical até da Cunha de Ribeiro'),
(4, 12, 'Transporte de atletas para campeonato até Gomes do Sul'),
(5, 19, 'Transporte de grupo religioso até Rezende de Minas'),
(7, 4, 'Transporte de membros de ong até Novaes de Goiás'),
(8, 20, 'Transporte de membros de ong até Costela'),
(9, 9, 'Transporte de time de futebol até Nogueira'),
(11, 7, 'Transporte de banda musical até Souza'),
(12, 15, 'Transporte de convidados para casamento até Aragão'),
(14, 4, 'Transporte para evento esportivo até Pereira do Oeste'),
(15, 18, 'Transporte de excursão escolar até Viana do Amparo'),
(16, 2, 'Transporte de grupo de ciclistas até Souza da Praia'),
(17, 9, 'Transporte de estudantes universitários até Farias da Praia'),
(20, 3, 'Transporte de grupo religioso até Monteiro'),
(23, 8, 'Transporte de funcionários corporativos até Pinto'),
(32, 6, 'Transporte de professores para congresso até Duarte'),
(37, 1, 'Transporte de técnicos de manutenção até Moreira de da Rocha'),
(40, 17, 'Transporte de grupo religioso até da Luz do Sul'),
(43, 12, 'Transporte de grupo de ciclistas até Ramos das Flores'),
(47, 15, 'Transporte de grupo religioso até da Luz'),
(49, 13, 'Transporte de convidados para casamento até Rodrigues Verde'),
(50, 4, 'Transporte de participantes de workshop até das Neves de Minas'),
(51, 15, 'Transporte para evento esportivo até Alves'),
(56, 13, 'Transporte para evento esportivo até Sales'),
(57, 15, 'Transporte de músicos para show até Nunes'),
(58, 4, 'Transporte de palestrantes para evento até Moreira'),
(61, 8, 'Transporte de músicos para show até Campos do Norte'),
(62, 11, 'Transporte de estudantes universitários até da Cunha do Amparo'),
(63, 13, 'Transporte de participantes de workshop até Silva'),
(64, 4, 'Transporte de convidados para casamento até Dias do Amparo'),
(65, 14, 'Transporte de delegação esportiva até Sales do Sul'),
(66, 9, 'Transporte de organizadores de evento até da Paz'),
(67, 5, 'Transporte de palestrantes para evento até Melo'),
(68, 3, 'Transporte de organizadores de evento até Freitas da Mata'),
(71, 4, 'Transporte de turistas até Rezende'),
(72, 5, 'Transporte para evento esportivo até da Rosa'),
(74, 4, 'Transporte de participantes de workshop até Oliveira'),
(75, 12, 'Transporte de equipe de filmagem até Cardoso dos Dourados'),
(76, 2, 'Transporte de técnicos de manutenção até Costela Paulista'),
(77, 20, 'Transporte de estudantes universitários até Gomes do Amparo'),
(78, 12, 'Transporte de técnicos de manutenção até Costa do Norte');

INSERT INTO Solicitacoes (data_solicitacao, forma_pagamento, valor_pagamento, status_pagamento, clientes_cpf, id_servico) VALUES
('2025-02-28', 'Cartao', 1160.01, 'Pendente', '26749185355', 72),
('2025-04-06', 'Pix', 3824.9, 'Cancelado', '89527460158', 55),
('2025-03-13', 'Dinheiro', 3087.19, 'Cancelado', '51920768467', 4),
('2025-03-07', 'Dinheiro', 4155.83, 'Pago', '57832640162', 24),
('2025-04-19', 'Dinheiro', 3823.93, 'Pago', '26749185355', 1),
('2025-04-30', 'Pix', 2853.29, 'Pago', '63948210713', 19),
('2025-02-18', 'Dinheiro', 4860.46, 'Pendente', '12390654770', 28),
('2025-04-05', 'Cartao', 2295.55, 'Pendente', '80214976378', 40),
('2025-02-20', 'Cartao', 3895.34, 'Cancelado', '50823917630', 11),
('2025-05-17', 'Pix', 829.18, 'Cancelado', '69513072886', 11),
('2025-04-19', 'Cartao', 3326.6, 'Pago', '91405387610', 57),
('2025-03-31', 'Cartao', 1117.07, 'Cancelado', '61342579828', 45),
('2025-03-29', 'Pix', 1452.07, 'Cancelado', '56230149761', 63),
('2025-03-17', 'Dinheiro', 1576.68, 'Pendente', '45231786900', 77),
('2025-05-16', 'Pix', 1061.89, 'Pendente', '65483701984', 33),
('2025-04-16', 'Cartao', 643.92, 'Pago', '95783420638', 23),
('2025-05-07', 'Cartao', 2686.28, 'Pendente', '34680721553', 72),
('2025-02-27', 'Cartao', 406.77, 'Cancelado', '39176084213', 56),
('2025-05-21', 'Cartao', 4609.75, 'Pago', '92153076480', 55),
('2025-03-11', 'Cartao', 3562.02, 'Pago', '76509328429', 15),
('2025-04-02', 'Pix', 4832.69, 'Pendente', '70328695130', 59),
('2025-02-24', 'Cartao', 486.24, 'Pendente', '23486590189', 56),
('2025-03-09', 'Cartao', 2643.61, 'Pago', '16078325930', 44),
('2025-04-25', 'Cartao', 3906.63, 'Pendente', '78543012988', 15),
('2025-03-17', 'Dinheiro', 1009.82, 'Pago', '26749185355', 19),
('2025-04-23', 'Pix', 774.9, 'Pendente', '71968305475', 78),
('2025-05-04', 'Dinheiro', 423.0, 'Cancelado', '13482067562', 60),
('2025-02-16', 'Dinheiro', 3811.39, 'Pago', '81203467508', 80),
('2025-04-12', 'Dinheiro', 1614.89, 'Pago', '63948210713', 61),
('2025-03-28', 'Dinheiro', 1548.96, 'Pago', '56230149761', 8),
('2025-04-08', 'Dinheiro', 417.24, 'Pago', '63519872455', 5),
('2025-05-16', 'Cartao', 4166.9, 'Pendente', '42387150635', 79),
('2025-03-08', 'Dinheiro', 1953.19, 'Cancelado', '65741389066', 6),
('2025-03-27', 'Dinheiro', 3276.6, 'Pago', '91405387610', 61),
('2025-03-20', 'Pix', 4790.73, 'Pago', '74359216025', 44),
('2025-02-21', 'Pix', 2547.52, 'Pendente', '39176084213', 32),
('2025-02-22', 'Cartao', 4955.38, 'Cancelado', '23564708910', 79),
('2025-05-03', 'Cartao', 1895.62, 'Pago', '79340265874', 53),
('2025-02-13', 'Cartao', 3410.54, 'Pendente', '50746831226', 9),
('2025-04-11', 'Pix', 2811.92, 'Pago', '34152986042', 33),
('2025-02-20', 'Dinheiro', 4823.83, 'Cancelado', '49152086305', 43),
('2025-05-13', 'Dinheiro', 3334.88, 'Pago', '16078325930', 51),
('2025-05-07', 'Dinheiro', 3558.73, 'Pendente', '16078325930', 72),
('2025-04-05', 'Dinheiro', 3968.73, 'Pendente', '12390654770', 12),
('2025-03-02', 'Dinheiro', 2145.86, 'Pago', '80132657902', 47),
('2025-04-14', 'Pix', 4758.29, 'Pago', '06394857157', 25),
('2025-04-25', 'Pix', 816.98, 'Pago', '67809213431', 65),
('2025-02-14', 'Dinheiro', 4183.84, 'Cancelado', '36958104757', 44),
('2025-02-14', 'Dinheiro', 698.69, 'Pago', '49152086305', 21),
('2025-04-30', 'Dinheiro', 3866.93, 'Pendente', '83724915004', 6),
('2025-04-01', 'Cartao', 3398.0, 'Pendente', '83724915004', 79),
('2025-04-17', 'Dinheiro', 3929.81, 'Pendente', '35862049142', 31),
('2025-04-14', 'Cartao', 4524.67, 'Pendente', '80214976378', 74),
('2025-03-28', 'Cartao', 3858.72, 'Pago', '34680721553', 68),
('2025-03-31', 'Pix', 4093.61, 'Cancelado', '65483701984', 33),
('2025-05-17', 'Dinheiro', 2428.92, 'Pago', '65741389066', 14),
('2025-02-21', 'Dinheiro', 4263.27, 'Pago', '05839174297', 21),
('2025-04-19', 'Cartao', 4531.27, 'Pendente', '95783420638', 12),
('2025-04-25', 'Cartao', 4428.92, 'Pendente', '59032618768', 7),
('2025-04-03', 'Dinheiro', 1901.11, 'Pago', '05839174297', 48),
('2025-04-25', 'Pix', 1627.49, 'Pendente', '50746831226', 19),
('2025-05-06', 'Pix', 1470.05, 'Pago', '65483701984', 61),
('2025-03-27', 'Dinheiro', 75.99, 'Pendente', '80132657902', 33),
('2025-04-26', 'Pix', 2766.58, 'Cancelado', '91405387610', 68),
('2025-03-30', 'Pix', 3892.05, 'Pendente', '89241753609', 16),
('2025-05-17', 'Pix', 2128.14, 'Cancelado', '40136572871', 9),
('2025-05-09', 'Cartao', 3003.86, 'Pendente', '78543012988', 74),
('2025-04-23', 'Dinheiro', 760.71, 'Pago', '48567923182', 79),
('2025-04-08', 'Pix', 2874.79, 'Pendente', '05839174297', 68),
('2025-04-07', 'Pix', 4769.35, 'Cancelado', '34680721553', 65),
('2025-03-14', 'Pix', 1982.75, 'Pago', '39176084213', 50),
('2025-04-06', 'Cartao', 3749.22, 'Pago', '63948210713', 45),
('2025-04-23', 'Dinheiro', 3302.67, 'Pendente', '40968712304', 43),
('2025-05-06', 'Pix', 1793.88, 'Pago', '71968305475', 60),
('2025-02-23', 'Cartao', 3177.09, 'Pendente', '63948210713', 59),
('2025-05-19', 'Cartao', 1047.88, 'Pendente', '39176084213', 41),
('2025-04-14', 'Dinheiro', 2021.21, 'Cancelado', '97316284013', 33),
('2025-05-19', 'Dinheiro', 995.96, 'Pago', '69513072886', 43),
('2025-04-19', 'Pix', 4006.74, 'Pago', '47210985379', 57),
('2025-04-04', 'Cartao', 4869.93, 'Pago', '13482067562', 48);


INSERT INTO Contem (id_produto, id_solicitacao) VALUES
(1, 1),
(5, 1),
(3, 2),
(8, 2),
(4, 3),
(10, 3),
(11, 3),
(9, 4),
(6, 5),
(7, 5),
(12, 6),
(13, 7),
(14, 8),
(18, 8),
(15, 9),
(16, 10),
(17, 11),
(19, 11),
(20, 12),
(21, 13),
(23, 13),
(22, 14),
(26, 14),
(24, 15),
(25, 16),
(28, 16),
(27, 17),
(29, 18),
(30, 18),
(31, 19),
(32, 20),
(33, 20),
(34, 21),
(35, 22),
(36, 23),
(38, 23),
(37, 24),
(39, 25),
(40, 25),
(41, 26),
(42, 27),
(44, 27),
(43, 28),
(45, 29),
(46, 30),
(47, 30),
(48, 31),
(49, 32),
(50, 33),
(51, 34),
(53, 34),
(52, 35),
(54, 36),
(55, 36),
(56, 38),
(57, 39),
(58, 41),
(59, 42),
(60, 42),
(61, 42),
(62, 43),
(63, 44),
(65, 44),
(64, 45),
(66, 46),
(67, 47),
(68, 48),
(69, 49),
(70, 50),
(71, 50),
(72, 51),
(73, 52),
(75, 52),
(74, 53),
(76, 54),
(77, 54),
(78, 55),
(79, 56),
(80, 56);